file,min_elev_m,max_elev_m,unity_height_y
MSR_hirise_soc_003_DTM_MOLATopography_DeltaGeoid_1m_Eqc_latTs0_lon0_Blend40_01_01.raw,-2070.67,-1913.04,157.64
MSR_hirise_soc_003_DTM_MOLATopography_DeltaGeoid_1m_Eqc_latTs0_lon0_Blend40_01_02.raw,-2142.65,-2020.82,121.83
MSR_hirise_soc_003_DTM_MOLATopography_DeltaGeoid_1m_Eqc_latTs0_lon0_Blend40_01_03.raw,-2193.16,-2052.76,140.39
MSR_hirise_soc_003_DTM_MOLATopography_DeltaGeoid_1m_Eqc_latTs0_lon0_Blend40_01_04.raw,-2200.58,-1974.17,226.41
MSR_hirise_soc_003_DTM_MOLATopography_DeltaGeoid_1m_Eqc_latTs0_lon0_Blend40_02_01.raw,-2070.05,-1935.58,134.47
MSR_hirise_soc_003_DTM_MOLATopography_DeltaGeoid_1m_Eqc_latTs0_lon0_Blend40_02_02.raw,-2111.01,-2008.51,102.50
MSR_hirise_soc_003_DTM_MOLATopography_DeltaGeoid_1m_Eqc_latTs0_lon0_Blend40_02_03.raw,-2137.58,-2025.73,111.85
MSR_hirise_soc_003_DTM_MOLATopography_DeltaGeoid_1m_Eqc_latTs0_lon0_Blend40_02_04.raw,-2100.62,-1920.86,179.75
MSR_hirise_soc_003_DTM_MOLATopography_DeltaGeoid_1m_Eqc_latTs0_lon0_Blend40_02_05.raw,-2137.42,-1919.50,217.91
MSR_hirise_soc_003_DTM_MOLATopography_DeltaGeoid_1m_Eqc_latTs0_lon0_Blend40_02_06.raw,-2273.35,-2058.74,214.60
MSR_hirise_soc_003_DTM_MOLATopography_DeltaGeoid_1m_Eqc_latTs0_lon0_Blend40_02_07.raw,-2216.02,-2090.68,125.34
MSR_hirise_soc_003_DTM_MOLATopography_DeltaGeoid_1m_Eqc_latTs0_lon0_Blend40_03_01.raw,-2075.23,-1916.18,159.05
MSR_hirise_soc_003_DTM_MOLATopography_DeltaGeoid_1m_Eqc_latTs0_lon0_Blend40_03_02.raw,-2133.02,-1959.27,173.75
MSR_hirise_soc_003_DTM_MOLATopography_DeltaGeoid_1m_Eqc_latTs0_lon0_Blend40_03_03.raw,-2150.79,-2072.56,78.23
MSR_hirise_soc_003_DTM_MOLATopography_DeltaGeoid_1m_Eqc_latTs0_lon0_Blend40_03_04.raw,-2121.95,-1973.38,148.57
MSR_hirise_soc_003_DTM_MOLATopography_DeltaGeoid_1m_Eqc_latTs0_lon0_Blend40_03_05.raw,-2101.67,-1931.31,170.36
MSR_hirise_soc_003_DTM_MOLATopography_DeltaGeoid_1m_Eqc_latTs0_lon0_Blend40_03_06.raw,-2285.76,-2048.95,236.82
MSR_hirise_soc_003_DTM_MOLATopography_DeltaGeoid_1m_Eqc_latTs0_lon0_Blend40_03_07.raw,-2312.12,-2121.71,190.41
MSR_hirise_soc_003_DTM_MOLATopography_DeltaGeoid_1m_Eqc_latTs0_lon0_Blend40_03_08.raw,-2410.74,-2242.60,168.14
MSR_hirise_soc_003_DTM_MOLATopography_DeltaGeoid_1m_Eqc_latTs0_lon0_Blend40_03_09.raw,-2419.76,-2387.30,32.46
MSR_hirise_soc_003_DTM_MOLATopography_DeltaGeoid_1m_Eqc_latTs0_lon0_Blend40_04_01.raw,-2092.77,-1914.68,178.09
MSR_hirise_soc_003_DTM_MOLATopography_DeltaGeoid_1m_Eqc_latTs0_lon0_Blend40_04_02.raw,-2104.62,-1927.52,177.10
MSR_hirise_soc_003_DTM_MOLATopography_DeltaGeoid_1m_Eqc_latTs0_lon0_Blend40_04_03.raw,-2142.82,-1928.33,214.48
MSR_hirise_soc_003_DTM_MOLATopography_DeltaGeoid_1m_Eqc_latTs0_lon0_Blend40_04_04.raw,-2085.21,-1932.56,152.65
MSR_hirise_soc_003_DTM_MOLATopography_DeltaGeoid_1m_Eqc_latTs0_lon0_Blend40_04_05.raw,-2086.89,-1948.85,138.04
MSR_hirise_soc_003_DTM_MOLATopography_DeltaGeoid_1m_Eqc_latTs0_lon0_Blend40_04_06.raw,-2136.55,-1767.88,368.68
MSR_hirise_soc_003_DTM_MOLATopography_DeltaGeoid_1m_Eqc_latTs0_lon0_Blend40_04_07.raw,-2242.27,-1761.16,481.11
MSR_hirise_soc_003_DTM_MOLATopography_DeltaGeoid_1m_Eqc_latTs0_lon0_Blend40_04_08.raw,-2387.25,-2011.68,375.57
MSR_hirise_soc_003_DTM_MOLATopography_DeltaGeoid_1m_Eqc_latTs0_lon0_Blend40_04_09.raw,-2444.72,-2359.53,85.19
MSR_hirise_soc_003_DTM_MOLATopography_DeltaGeoid_1m_Eqc_latTs0_lon0_Blend40_05_01.raw,-2094.47,-1993.84,100.63
MSR_hirise_soc_003_DTM_MOLATopography_DeltaGeoid_1m_Eqc_latTs0_lon0_Blend40_05_02.raw,-2096.48,-1982.48,114.00
MSR_hirise_soc_003_DTM_MOLATopography_DeltaGeoid_1m_Eqc_latTs0_lon0_Blend40_05_03.raw,-2107.35,-1924.77,182.59
MSR_hirise_soc_003_DTM_MOLATopography_DeltaGeoid_1m_Eqc_latTs0_lon0_Blend40_05_04.raw,-2108.31,-1830.70,277.61
MSR_hirise_soc_003_DTM_MOLATopography_DeltaGeoid_1m_Eqc_latTs0_lon0_Blend40_05_05.raw,-2070.86,-1849.16,221.70
MSR_hirise_soc_003_DTM_MOLATopography_DeltaGeoid_1m_Eqc_latTs0_lon0_Blend40_05_06.raw,-2013.82,-1641.62,372.20
MSR_hirise_soc_003_DTM_MOLATopography_DeltaGeoid_1m_Eqc_latTs0_lon0_Blend40_05_07.raw,-2011.12,-1663.87,347.25
MSR_hirise_soc_003_DTM_MOLATopography_DeltaGeoid_1m_Eqc_latTs0_lon0_Blend40_05_08.raw,-2402.40,-1938.87,463.53
MSR_hirise_soc_003_DTM_MOLATopography_DeltaGeoid_1m_Eqc_latTs0_lon0_Blend40_05_09.raw,-2478.32,-2353.82,124.50
MSR_hirise_soc_003_DTM_MOLATopography_DeltaGeoid_1m_Eqc_latTs0_lon0_Blend40_06_01.raw,-2112.34,-2034.41,77.93
MSR_hirise_soc_003_DTM_MOLATopography_DeltaGeoid_1m_Eqc_latTs0_lon0_Blend40_06_02.raw,-2096.48,-1972.22,124.27
MSR_hirise_soc_003_DTM_MOLATopography_DeltaGeoid_1m_Eqc_latTs0_lon0_Blend40_06_03.raw,-2122.99,-1993.03,129.96
MSR_hirise_soc_003_DTM_MOLATopography_DeltaGeoid_1m_Eqc_latTs0_lon0_Blend40_06_04.raw,-2128.67,-2069.91,58.76
MSR_hirise_soc_003_DTM_MOLATopography_DeltaGeoid_1m_Eqc_latTs0_lon0_Blend40_06_05.raw,-2127.69,-1939.53,188.17
MSR_hirise_soc_003_DTM_MOLATopography_DeltaGeoid_1m_Eqc_latTs0_lon0_Blend40_06_06.raw,-2078.85,-1676.80,402.05
MSR_hirise_soc_003_DTM_MOLATopography_DeltaGeoid_1m_Eqc_latTs0_lon0_Blend40_06_07.raw,-2033.13,-1690.67,342.45
MSR_hirise_soc_003_DTM_MOLATopography_DeltaGeoid_1m_Eqc_latTs0_lon0_Blend40_06_08.raw,-2394.20,-1964.73,429.46
MSR_hirise_soc_003_DTM_MOLATopography_DeltaGeoid_1m_Eqc_latTs0_lon0_Blend40_06_09.raw,-2481.08,-2281.87,199.22
MSR_hirise_soc_003_DTM_MOLATopography_DeltaGeoid_1m_Eqc_latTs0_lon0_Blend40_07_01.raw,-2128.67,-2017.80,110.87
MSR_hirise_soc_003_DTM_MOLATopography_DeltaGeoid_1m_Eqc_latTs0_lon0_Blend40_07_02.raw,-2139.11,-1972.70,166.40
MSR_hirise_soc_003_DTM_MOLATopography_DeltaGeoid_1m_Eqc_latTs0_lon0_Blend40_07_03.raw,-2122.80,-1968.95,153.85
MSR_hirise_soc_003_DTM_MOLATopography_DeltaGeoid_1m_Eqc_latTs0_lon0_Blend40_07_04.raw,-2139.60,-2079.39,60.20
MSR_hirise_soc_003_DTM_MOLATopography_DeltaGeoid_1m_Eqc_latTs0_lon0_Blend40_07_05.raw,-2136.48,-1963.30,173.18
MSR_hirise_soc_003_DTM_MOLATopography_DeltaGeoid_1m_Eqc_latTs0_lon0_Blend40_07_06.raw,-2078.15,-1795.85,282.30
MSR_hirise_soc_003_DTM_MOLATopography_DeltaGeoid_1m_Eqc_latTs0_lon0_Blend40_07_07.raw,-1964.65,-1798.86,165.79
MSR_hirise_soc_003_DTM_MOLATopography_DeltaGeoid_1m_Eqc_latTs0_lon0_Blend40_07_08.raw,-2297.03,-1892.23,404.80
MSR_hirise_soc_003_DTM_MOLATopography_DeltaGeoid_1m_Eqc_latTs0_lon0_Blend40_07_09.raw,-2466.94,-2139.84,327.10
MSR_hirise_soc_003_DTM_MOLATopography_DeltaGeoid_1m_Eqc_latTs0_lon0_Blend40_08_01.raw,-2163.35,-2040.19,123.17
MSR_hirise_soc_003_DTM_MOLATopography_DeltaGeoid_1m_Eqc_latTs0_lon0_Blend40_08_02.raw,-2163.41,-2001.12,162.29
MSR_hirise_soc_003_DTM_MOLATopography_DeltaGeoid_1m_Eqc_latTs0_lon0_Blend40_08_03.raw,-2125.51,-2030.29,95.22
MSR_hirise_soc_003_DTM_MOLATopography_DeltaGeoid_1m_Eqc_latTs0_lon0_Blend40_08_04.raw,-2137.27,-2053.36,83.90
MSR_hirise_soc_003_DTM_MOLATopography_DeltaGeoid_1m_Eqc_latTs0_lon0_Blend40_08_05.raw,-2130.16,-1922.61,207.55
MSR_hirise_soc_003_DTM_MOLATopography_DeltaGeoid_1m_Eqc_latTs0_lon0_Blend40_08_06.raw,-2052.78,-1833.10,219.68
MSR_hirise_soc_003_DTM_MOLATopography_DeltaGeoid_1m_Eqc_latTs0_lon0_Blend40_08_07.raw,-1913.57,-1726.58,186.99
MSR_hirise_soc_003_DTM_MOLATopography_DeltaGeoid_1m_Eqc_latTs0_lon0_Blend40_08_08.raw,-2237.15,-1858.63,378.52
MSR_hirise_soc_003_DTM_MOLATopography_DeltaGeoid_1m_Eqc_latTs0_lon0_Blend40_08_09.raw,-2327.83,-2057.39,270.44
MSR_hirise_soc_003_DTM_MOLATopography_DeltaGeoid_1m_Eqc_latTs0_lon0_Blend40_09_01.raw,-2097.06,-2025.18,71.88
MSR_hirise_soc_003_DTM_MOLATopography_DeltaGeoid_1m_Eqc_latTs0_lon0_Blend40_09_02.raw,-2106.15,-1993.41,112.74
MSR_hirise_soc_003_DTM_MOLATopography_DeltaGeoid_1m_Eqc_latTs0_lon0_Blend40_09_03.raw,-2097.13,-1963.83,133.31
MSR_hirise_soc_003_DTM_MOLATopography_DeltaGeoid_1m_Eqc_latTs0_lon0_Blend40_09_04.raw,-2101.01,-1690.60,410.40
MSR_hirise_soc_003_DTM_MOLATopography_DeltaGeoid_1m_Eqc_latTs0_lon0_Blend40_09_05.raw,-2087.22,-1833.42,253.80
MSR_hirise_soc_003_DTM_MOLATopography_DeltaGeoid_1m_Eqc_latTs0_lon0_Blend40_09_06.raw,-2075.82,-1760.27,315.55
MSR_hirise_soc_003_DTM_MOLATopography_DeltaGeoid_1m_Eqc_latTs0_lon0_Blend40_09_07.raw,-1904.53,-1742.22,162.31
MSR_hirise_soc_003_DTM_MOLATopography_DeltaGeoid_1m_Eqc_latTs0_lon0_Blend40_09_08.raw,-2178.61,-1727.01,451.60
MSR_hirise_soc_003_DTM_MOLATopography_DeltaGeoid_1m_Eqc_latTs0_lon0_Blend40_09_09.raw,-2386.99,-2030.64,356.35
MSR_hirise_soc_003_DTM_MOLATopography_DeltaGeoid_1m_Eqc_latTs0_lon0_Blend40_10_01.raw,-2043.11,-1992.08,51.03
MSR_hirise_soc_003_DTM_MOLATopography_DeltaGeoid_1m_Eqc_latTs0_lon0_Blend40_10_02.raw,-2073.15,-1991.88,81.27
MSR_hirise_soc_003_DTM_MOLATopography_DeltaGeoid_1m_Eqc_latTs0_lon0_Blend40_10_03.raw,-2062.00,-1912.83,149.16
MSR_hirise_soc_003_DTM_MOLATopography_DeltaGeoid_1m_Eqc_latTs0_lon0_Blend40_10_04.raw,-2061.60,-1850.49,211.11
MSR_hirise_soc_003_DTM_MOLATopography_DeltaGeoid_1m_Eqc_latTs0_lon0_Blend40_10_05.raw,-2088.56,-1939.29,149.27
MSR_hirise_soc_003_DTM_MOLATopography_DeltaGeoid_1m_Eqc_latTs0_lon0_Blend40_10_06.raw,-2072.47,-1653.32,419.15
MSR_hirise_soc_003_DTM_MOLATopography_DeltaGeoid_1m_Eqc_latTs0_lon0_Blend40_10_07.raw,-1843.46,-1521.02,322.45
MSR_hirise_soc_003_DTM_MOLATopography_DeltaGeoid_1m_Eqc_latTs0_lon0_Blend40_10_08.raw,-2156.36,-1521.19,635.17
MSR_hirise_soc_003_DTM_MOLATopography_DeltaGeoid_1m_Eqc_latTs0_lon0_Blend40_10_09.raw,-2397.95,-1952.27,445.68
MSR_hirise_soc_003_DTM_MOLATopography_DeltaGeoid_1m_Eqc_latTs0_lon0_Blend40_10_10.raw,-2397.23,-2364.49,32.74
MSR_hirise_soc_003_DTM_MOLATopography_DeltaGeoid_1m_Eqc_latTs0_lon0_Blend40_11_01.raw,-2039.72,-1992.16,47.55
MSR_hirise_soc_003_DTM_MOLATopography_DeltaGeoid_1m_Eqc_latTs0_lon0_Blend40_11_02.raw,-2066.79,-1990.73,76.05
MSR_hirise_soc_003_DTM_MOLATopography_DeltaGeoid_1m_Eqc_latTs0_lon0_Blend40_11_03.raw,-2075.70,-1966.25,109.45
MSR_hirise_soc_003_DTM_MOLATopography_DeltaGeoid_1m_Eqc_latTs0_lon0_Blend40_11_04.raw,-2069.34,-1999.35,70.00
MSR_hirise_soc_003_DTM_MOLATopography_DeltaGeoid_1m_Eqc_latTs0_lon0_Blend40_11_05.raw,-2074.01,-1780.68,293.33
MSR_hirise_soc_003_DTM_MOLATopography_DeltaGeoid_1m_Eqc_latTs0_lon0_Blend40_11_06.raw,-1998.55,-1639.23,359.32
MSR_hirise_soc_003_DTM_MOLATopography_DeltaGeoid_1m_Eqc_latTs0_lon0_Blend40_11_07.raw,-1850.15,-1531.08,319.07
MSR_hirise_soc_003_DTM_MOLATopography_DeltaGeoid_1m_Eqc_latTs0_lon0_Blend40_11_08.raw,-1951.82,-1508.39,443.43
MSR_hirise_soc_003_DTM_MOLATopography_DeltaGeoid_1m_Eqc_latTs0_lon0_Blend40_11_09.raw,-2364.19,-1705.50,658.69
MSR_hirise_soc_003_DTM_MOLATopography_DeltaGeoid_1m_Eqc_latTs0_lon0_Blend40_11_10.raw,-2382.06,-2249.33,132.73
MSR_hirise_soc_003_DTM_MOLATopography_DeltaGeoid_1m_Eqc_latTs0_lon0_Blend40_12_01.raw,-2038.67,-2004.09,34.57
MSR_hirise_soc_003_DTM_MOLATopography_DeltaGeoid_1m_Eqc_latTs0_lon0_Blend40_12_02.raw,-2053.14,-1998.40,54.74
MSR_hirise_soc_003_DTM_MOLATopography_DeltaGeoid_1m_Eqc_latTs0_lon0_Blend40_12_03.raw,-2071.30,-1996.48,74.82
MSR_hirise_soc_003_DTM_MOLATopography_DeltaGeoid_1m_Eqc_latTs0_lon0_Blend40_12_04.raw,-2078.89,-2006.00,72.89
MSR_hirise_soc_003_DTM_MOLATopography_DeltaGeoid_1m_Eqc_latTs0_lon0_Blend40_12_05.raw,-2085.49,-1896.41,189.08
MSR_hirise_soc_003_DTM_MOLATopography_DeltaGeoid_1m_Eqc_latTs0_lon0_Blend40_12_06.raw,-2077.93,-1647.58,430.35
MSR_hirise_soc_003_DTM_MOLATopography_DeltaGeoid_1m_Eqc_latTs0_lon0_Blend40_12_07.raw,-2000.08,-1771.51,228.56
MSR_hirise_soc_003_DTM_MOLATopography_DeltaGeoid_1m_Eqc_latTs0_lon0_Blend40_12_08.raw,-1914.31,-1637.06,277.25
MSR_hirise_soc_003_DTM_MOLATopography_DeltaGeoid_1m_Eqc_latTs0_lon0_Blend40_12_09.raw,-2256.59,-1698.45,558.15
MSR_hirise_soc_003_DTM_MOLATopography_DeltaGeoid_1m_Eqc_latTs0_lon0_Blend40_12_10.raw,-2325.43,-1867.86,457.57
MSR_hirise_soc_003_DTM_MOLATopography_DeltaGeoid_1m_Eqc_latTs0_lon0_Blend40_13_02.raw,-2070.66,-2008.60,62.06
MSR_hirise_soc_003_DTM_MOLATopography_DeltaGeoid_1m_Eqc_latTs0_lon0_Blend40_13_03.raw,-2067.43,-1956.89,110.54
MSR_hirise_soc_003_DTM_MOLATopography_DeltaGeoid_1m_Eqc_latTs0_lon0_Blend40_13_04.raw,-2108.43,-1970.95,137.48
MSR_hirise_soc_003_DTM_MOLATopography_DeltaGeoid_1m_Eqc_latTs0_lon0_Blend40_13_05.raw,-2084.60,-2052.23,32.38
MSR_hirise_soc_003_DTM_MOLATopography_DeltaGeoid_1m_Eqc_latTs0_lon0_Blend40_13_06.raw,-2081.69,-1984.30,97.39
MSR_hirise_soc_003_DTM_MOLATopography_DeltaGeoid_1m_Eqc_latTs0_lon0_Blend40_13_07.raw,-2033.43,-1881.01,152.42
MSR_hirise_soc_003_DTM_MOLATopography_DeltaGeoid_1m_Eqc_latTs0_lon0_Blend40_13_08.raw,-1969.81,-1822.73,147.08
MSR_hirise_soc_003_DTM_MOLATopography_DeltaGeoid_1m_Eqc_latTs0_lon0_Blend40_13_09.raw,-1876.53,-1711.74,164.80
MSR_hirise_soc_003_DTM_MOLATopography_DeltaGeoid_1m_Eqc_latTs0_lon0_Blend40_13_10.raw,-2049.97,-1801.36,248.61
MSR_hirise_soc_003_DTM_MOLATopography_DeltaGeoid_1m_Eqc_latTs0_lon0_Blend40_14_02.raw,-2070.43,-2025.07,45.36
MSR_hirise_soc_003_DTM_MOLATopography_DeltaGeoid_1m_Eqc_latTs0_lon0_Blend40_14_03.raw,-2067.28,-2063.91,3.37
